<?xml version="1.0" encoding="UTF-8"?>
<project-private xmlns="http://www.netbeans.org/ns/project-private/1">
    <editor-bookmarks xmlns="http://www.netbeans.org/ns/editor-bookmarks/2" lastBookmarkId="0"/>
    <open-files xmlns="http://www.netbeans.org/ns/projectui-open-files/2">
        <group>
            <file>file:/Users/zehraahmed/NetBeansProjects/JavaApplication78/src/javaapplication78/Reporttds.java</file>
            <file>file:/Users/zehraahmed/NetBeansProjects/JavaApplication78/src/javaapplication78/BillingLinkedList.java</file>
            <file>file:/Users/zehraahmed/NetBeansProjects/JavaApplication78/src/javaapplication78/Main.java</file>
            <file>file:/Users/zehraahmed/NetBeansProjects/JavaApplication78/src/javaapplication78/NodeD.java</file>
            <file>file:/Users/zehraahmed/NetBeansProjects/JavaApplication78/src/javaapplication78/Node.java</file>
            <file>file:/Users/zehraahmed/NetBeansProjects/JavaApplication78/src/javaapplication78/Diagnosis.java</file>
            <file>file:/Users/zehraahmed/NetBeansProjects/JavaApplication78/src/javaapplication78/LinkedList.java</file>
            <file>file:/Users/zehraahmed/NetBeansProjects/JavaApplication78/src/javaapplication78/PSinglyLinkedList.java</file>
            <file>file:/Users/zehraahmed/NetBeansProjects/JavaApplication78/src/javaapplication78/DSinglyLinkedList.java</file>
            <file>file:/Users/zehraahmed/NetBeansProjects/JavaApplication78/src/javaapplication78/ArrayBasedHeap.java</file>
            <file>file:/Users/zehraahmed/NetBeansProjects/JavaApplication78/src/javaapplication78/GUInterface.java</file>
            <file>file:/Users/zehraahmed/NetBeansProjects/JavaApplication78/src/javaapplication78/Doctor.java</file>
            <file>file:/Users/zehraahmed/NetBeansProjects/JavaApplication78/src/javaapplication78/ERpatient.java</file>
            <file>file:/Users/zehraahmed/NetBeansProjects/JavaApplication78/src/javaapplication78/Hospital.java</file>
            <file>file:/Users/zehraahmed/NetBeansProjects/JavaApplication78/src/javaapplication78/DecisionTrees.java</file>
            <file>file:/Users/zehraahmed/NetBeansProjects/JavaApplication78/src/javaapplication78/BillingInformation.java</file>
            <file>file:/Users/zehraahmed/NetBeansProjects/JavaApplication78/src/javaapplication78/ER.java</file>
            <file>file:/Users/zehraahmed/NetBeansProjects/JavaApplication78/src/javaapplication78/Billing.java</file>
        </group>
    </open-files>
</project-private>
